ID,Date,Statut,Keyword,Titre,URL
1,mercredi 8 octobre 2025,,Atelier,Fresque du numérique: ,https://archipel.ville-fouesnant.fr/agenda/atelier-2tonnes-3/
3,samedi 8 novembre 2025,,"Atelier, Initiation, Danse",Initiation danse contemporaine #1: Thierry Micoin,https://archipel.ville-fouesnant.fr/agenda/initiation-a-la-danse-contemporaine-1/
4,mercredi 28 janvier 2026,,"Atelier, Initiation, Danse","Initiation danse contemporaine #2: danseur·euse de ""Tendre Carcasse""",https://archipel.ville-fouesnant.fr/agenda/initiation-a-la-danse-contemporaine-2/
5,samedi 14 février 2026,,Atelier,Atelier cyanotype: Philippe Bréson,https://archipel.ville-fouesnant.fr/agenda/atelier-cyanotype/
6,samedi 7 mars 2026,,Atelier,Pâtisseries turques: Association Culturelle Turque de Quimper,https://archipel.ville-fouesnant.fr/agenda/patisseries-turques/
7,mercredi 25 mars 2026,,"Atelier, Initiation, Danse",Initiation danse contemporaine #3: danseur·euse du spectacle Les yeux fermés,https://archipel.ville-fouesnant.fr/agenda/initiation-a-la-danse-contemporaine-3/
8,mercredi 13 mai 2026,,"Atelier, Initiation, Danse",Initiation danse classique: danseur·euse du London City Ballet,https://archipel.ville-fouesnant.fr/agenda/initiation-a-la-danse-classique/
9,samedi 24 janvier 2026,complet,Cirque,De bonnes raisons #1: La Volte-cirque,https://archipel.ville-fouesnant.fr/agenda/de-bonnes-raisons-1/
10,dimanche 25 janvier 2026,complet,Cirque,De bonnes raisons #2: La Volte-cirque,https://archipel.ville-fouesnant.fr/agenda/de-bonnes-raisons-2/
11,vendredi 8 mai 2026,,Cirque,Le Cabaret Renversé #1: Compagnie La Faux Populaire/Le Mort aux Dents,https://archipel.ville-fouesnant.fr/agenda/le-cabaret-renverse-1/
12,samedi 9 mai 2026,,Cirque,Le Cabaret Renversé #2: Compagnie La Faux Populaire/Le Mort aux Dents,https://archipel.ville-fouesnant.fr/agenda/le-cabaret-renverse-2/
13,dimanche 10 mai 2026,,Cirque,Le Cabaret Renversé #3: Compagnie La Faux Populaire/Le Mort aux Dents,https://archipel.ville-fouesnant.fr/agenda/le-cabaret-renverse-3/
14,mercredi 1 octobre 2025,Liste d'attente,Club,Club de lecture #1 ,https://archipel.ville-fouesnant.fr/agenda/club-de-lecture-1-2/
15,mercredi 5 novembre 2025,,Club,Apéro bulles #1 ,https://archipel.ville-fouesnant.fr/agenda/apero-bulles-1/
16,mercredi 3 décembre 2025,Liste d'attente,Club,Club de lecture #2 Temps fort Turquie,https://archipel.ville-fouesnant.fr/agenda/club-de-lecture-1/
17,mercredi 21 janvier 2026,,Club,Apéro bulles #2 ,https://archipel.ville-fouesnant.fr/agenda/apero-bulles-2/
18,mercredi 4 février 2026,,Club,Club de lecture #3 ,https://archipel.ville-fouesnant.fr/agenda/club-de-lecture-3/
19,mercredi 1 avril 2026,,Club,Club de lecture #4 Présentation du Prix du Roman Cezam,https://archipel.ville-fouesnant.fr/agenda/club-de-lecture-4/
20,mercredi 6 mai 2026,,Club,Apéro bulles #3 ,https://archipel.ville-fouesnant.fr/agenda/apero-bulles-3/
21,mercredi 3 juin 2026,,Club,Club de lecture #5 ,https://archipel.ville-fouesnant.fr/agenda/club-de-lecture-5/
22,lundi 6 octobre 2025,,Conférence,"Percussions et rythmes, de l’Orient à la Bretagne: Dominique Molard",https://archipel.ville-fouesnant.fr/agenda/percussions-et-rythmes-de-lorient-a-la-bretagne/
23,mardi 14 octobre 2025,,Conférence,Le pouvoir rend-il fou ?: Conférence de Yan Marchand,https://archipel.ville-fouesnant.fr/agenda/le-pouvoir-rend-il-fou/
24,mardi 4 novembre 2025,Dernières places,Conférence,Est-il si difficile de se comprendre ?: Conférence de Yan Marchand,https://archipel.ville-fouesnant.fr/agenda/est-il-si-difficile-de-se-comprendre/
25,mardi 25 novembre 2025,,Conférence,"La Turquie, legs du passé, de l’Empire à la République: Hamit Bozarslan",https://archipel.ville-fouesnant.fr/agenda/la-turquie-legs-du-passe-de-lempire-a-la-republique/
26,mardi 27 janvier 2026,,Conférence,La photographie comme mémoire du paysage: Nathalie Boulouch,https://archipel.ville-fouesnant.fr/agenda/la-photographie-comme-memoire-du-paysage/
27,mardi 3 février 2026,,Conférence,"Pierre Loti, grand ami des Turcs: Alain Quella-Villéger",https://archipel.ville-fouesnant.fr/agenda/pierre-loti-grand-ami-des-turcs/
28,mercredi 4 février 2026,Liste d'attente,Conférence,La longue histoire des luttes paysannes pour la terre: Léandre Mandart,https://archipel.ville-fouesnant.fr/agenda/la-longue-histoire-des-luttes-paysannes-pour-la-terre/
29,mardi 10 février 2026,,Conférence,"La Turquie, amie ou ennemie ?: Ariane Bonzon",https://archipel.ville-fouesnant.fr/agenda/la-turquie-amie-ou-ennemie/
30,jeudi 5 mars 2026,Dernières places,Conférence,La violence : une histoire d’héritage ?: Conférence de Yan Marchand,https://archipel.ville-fouesnant.fr/agenda/la-violence-une-histoire-dheritage/
31,vendredi 6 mars 2026,,Conférence,La métropole d’Istanbul: Jean-François Pérouse,https://archipel.ville-fouesnant.fr/agenda/la-metropole-distanbul/
32,mardi 24 mars 2026,,Conférence,"La photonique, du Noir à la Lumière: Philippe Arguel",https://archipel.ville-fouesnant.fr/agenda/la-photonique-du-noir-a-la-lumiere/
33,mardi 7 avril 2026,,Conférence,L’outrenoir de Pierre Soulages: Catherine Koenig,https://archipel.ville-fouesnant.fr/agenda/loutrenoir-de-pierre-soulages/
34,samedi 22 novembre 2025,,Conversation,Café Carbone #1 ,https://archipel.ville-fouesnant.fr/agenda/cafe-carbone-1/
35,samedi 10 janvier 2026,,Conversation,Café Carbone #2 ,https://archipel.ville-fouesnant.fr/agenda/cafe-carbone-2/
36,samedi 4 avril 2026,,Conversation,Café Carbone #3 ,https://archipel.ville-fouesnant.fr/agenda/cafe-carbone-3/
37,jeudi 6 novembre 2025,,Danse,Lutte·s: T.M Project / Thierry Micouin,https://archipel.ville-fouesnant.fr/agenda/lutte%c2%b7s/
38,jeudi 29 janvier 2026,,Danse,Tendre Carcasse: CieF | Arthur Perole,https://archipel.ville-fouesnant.fr/agenda/tendre-carcasse/
39,jeudi 26 mars 2026,Liste d'attente,Danse,Les yeux fermés: Cie S’Poart | Mickaël Le Mer,https://archipel.ville-fouesnant.fr/agenda/les-yeux-fermes/
40,mardi 12 mai 2026,Liste d'attente,Danse,London City Ballet: Momentum,https://archipel.ville-fouesnant.fr/agenda/london-city-ballet/
41,mercredi 3 décembre 2025,,Échange,Un petit déjeuner avec Mathieu Coblentz: autour du spectacle Le Roi Lear,https://archipel.ville-fouesnant.fr/agenda/un-petit-dejeuner-avec-mathieu-coblentz/
42,vendredi 16 janvier 2026,,Échange,Un petit déjeuner avec Jonathan Mallard: autour du spectacle Bois brûlé,https://archipel.ville-fouesnant.fr/agenda/un-petit-dejeuner-avec-jonathan-mallard/
43,vendredi 6 février 2026,,Échange,Un petit déjeuner avec Gweltaz Chauviré: autour du spectacle Terre Noire,https://archipel.ville-fouesnant.fr/agenda/un-petit-dejeuner-avec-gweltaz-chauvire/
44,mercredi 4 mars 2026,,Échange,Un petit déjeuner avec Mélanie Leray: autour du spectacle Scènes d’intérieur,https://archipel.ville-fouesnant.fr/agenda/un-petit-dejeuner-avec-melanie-leray/
45,vendredi 3 avril 2026,,Échange,Un petit déjeuner avec Charlie Windelschmidt: autour du spectacle ... Et les 7 nains ?,https://archipel.ville-fouesnant.fr/agenda/un-petit-dejeuner-avec-charlie-windelschmidt/
46,Du 4 octobre au 20 décembre 2025,,Exposition,Morsure #5: Estampes,https://archipel.ville-fouesnant.fr/agenda/morsure-5/
47,Du 4 octobre au 5 octobre 2025,,Exposition,"Week-end d’ouverture de Morsure #5: Visites, ateliers, rencontres...",https://archipel.ville-fouesnant.fr/agenda/week-end-douverture-de-morsure-5/
48,Du 29 novembre au 30 novembre 2025,,Exposition,"Litho week-end: Atelier, visite, démonstration et conférence",https://archipel.ville-fouesnant.fr/agenda/litho-week-end/
49,Du 17 janvier au 14 mars 2026,,Exposition,"Autant, le temps.: Philippe Bréson",https://archipel.ville-fouesnant.fr/agenda/autant-le-temps/
50,vendredi 31 octobre 2025,,Jeu,Aprem’ jeux #1: jeux turcs et orientaux,https://archipel.ville-fouesnant.fr/agenda/aprem-jeux-1/
51,vendredi 27 février 2026,,Jeu,Murder party : L’inconnue d’Istanbul: Aprem’ jeux #2,https://archipel.ville-fouesnant.fr/agenda/murder-party-linconnue-distanbul/
52,samedi 28 mars 2026,,Jeu,Questions pour un champion spécial Turquie: et clôture du temps fort,https://archipel.ville-fouesnant.fr/agenda/questions-pour-un-champion-special-turquie/
53,vendredi 24 avril 2026,,Jeu,Aprem’ jeux #3: ,https://archipel.ville-fouesnant.fr/agenda/aprem-jeux-3/
54,mercredi 12 novembre 2025,,Lecture,À voix haute #1: La Langue de mon Père,https://archipel.ville-fouesnant.fr/agenda/a-voix-haute-1/
55,mercredi 14 janvier 2026,,Lecture,À voix haute #2: Terre Noire,https://archipel.ville-fouesnant.fr/agenda/a-voix-haute-2/
56,mercredi 11 mars 2026,,Lecture,À voix haute #3: ... Et les 7 nains ?,https://archipel.ville-fouesnant.fr/agenda/a-voix-haute-3/
57,vendredi 13 mars 2026,,Moment musical,Session irlandaise: Ensemble de musique traditionnelle du Conservatoire + invités,https://archipel.ville-fouesnant.fr/agenda/session-irlandaise/
58,vendredi 26 septembre 2025,complet,Musique,Arthur H et Pierre Le Bourgeois: Autour du soleil,https://archipel.ville-fouesnant.fr/agenda/arthur-h-et-pierre-le-bourgeois/
59,jeudi 9 octobre 2025,,Musique,Rappelle-toi ! #1: Cristine Merienne et Hervé Lesvenan,https://archipel.ville-fouesnant.fr/agenda/rappelle-toi-1/
60,jeudi 9 octobre 2025,,Musique,Rappelle-toi ! #2: Cristine Merienne et Hervé Lesvenan,https://archipel.ville-fouesnant.fr/agenda/rappelle-toi-2/
61,jeudi 16 octobre 2025,Liste d'attente,Musique,Haïdouti Orkestar: Yuh Yuh Tour,https://archipel.ville-fouesnant.fr/agenda/haidouti-orkestar/
62,dimanche 9 novembre 2025,Liste d'attente,Musique,Stefano Di Battista: La Dolce Vita,https://archipel.ville-fouesnant.fr/agenda/stefano-di-battista/
63,dimanche 23 novembre 2025,Liste d'attente,Musique,"Orchestre National de Bretagne: Entre Jupiter et Neptune | Haydn, Mozart et Brahms",https://archipel.ville-fouesnant.fr/agenda/orchestre-national-de-bretagne/
64,jeudi 27 novembre 2025,,Musique,Mathieu Boogaerts: LE GRAND PIANO,https://archipel.ville-fouesnant.fr/agenda/mathieu-boogaerts/
65,dimanche 7 décembre 2025,Liste d'attente,Musique,Concert de Noël: du Conservatoire,https://archipel.ville-fouesnant.fr/agenda/concert-de-noel/
66,jeudi 11 décembre 2025,,Musique,Ruşan Filiztek: Exils (de la Mésopotamie à l'Andalousie),https://archipel.ville-fouesnant.fr/agenda/rusan-filiztek/
67,dimanche 11 janvier 2026,Liste d'attente,Musique,100 % Satie: Denis Pascal,https://archipel.ville-fouesnant.fr/agenda/100-satie/
68,jeudi 12 février 2026,Liste d'attente,Musique,H-Burns & The Stranger Quartet: Hommage à Leonard Cohen,https://archipel.ville-fouesnant.fr/agenda/h-burns-the-stranger-quartet/
69,jeudi 12 mars 2026,Liste d'attente,Musique,The Amazing Keystone Big Band: plays Judy Garland,https://archipel.ville-fouesnant.fr/agenda/the-amazing-keystone-big-band/
70,jeudi 19 mars 2026,Liste d'attente,Musique,Piers Faccini et Ballaké Sissoko: ,https://archipel.ville-fouesnant.fr/agenda/piers-faccini-et-ballake-sissoko/
71,jeudi 9 avril 2026,,Musique,Alexis HK et Benoît Dorémus: Inavouable,https://archipel.ville-fouesnant.fr/agenda/alexis-hk-et-benoit-doremus/
72,jeudi 30 avril 2026,Liste d'attente,Musique,"Ensemble Matheus: Double Baroque | Vivaldi, Bach et Telemann",https://archipel.ville-fouesnant.fr/agenda/ensemble-matheus-7/
73,vendredi 3 octobre 2025,,Participation,Ensachage de graines: Vie de la Grainothèque,https://archipel.ville-fouesnant.fr/agenda/ensachage-de-graines/
74,vendredi 7 novembre 2025,,Participation,Ensachage de graines: Vie de la Grainothèque,https://archipel.ville-fouesnant.fr/agenda/ensachage-de-graines-2/
75,vendredi 5 décembre 2025,,Participation,Ensachage de graines: Vie de la Grainothèque,https://archipel.ville-fouesnant.fr/agenda/ensachage-de-graines-3/
76,vendredi 9 janvier 2026,,Participation,Ensachage de graines: Vie de la Grainothèque,https://archipel.ville-fouesnant.fr/agenda/ensachage-de-graines-4/
77,vendredi 6 février 2026,,Participation,Ensachage de graines: Vie de la Grainothèque,https://archipel.ville-fouesnant.fr/agenda/ensachage-de-graines-5/
78,vendredi 6 mars 2026,,Participation,Ensachage de graines: Vie de la Grainothèque,https://archipel.ville-fouesnant.fr/agenda/ensachage-de-graines-6/
79,vendredi 3 avril 2026,,Participation,Ensachage de graines: Vie de la Grainothèque,https://archipel.ville-fouesnant.fr/agenda/ensachage-de-graines-7/
80,vendredi 10 octobre 2025,,Projection,Club ciné #1 ,https://archipel.ville-fouesnant.fr/agenda/club-cine-1/
81,vendredi 21 novembre 2025,,Projection,Le Mois du film documentaire #1 ,https://archipel.ville-fouesnant.fr/agenda/le-mois-du-film-documentaire-1/
82,dimanche 30 novembre 2025,,Projection,Le Mois du film documentaire #2 ,https://archipel.ville-fouesnant.fr/agenda/le-mois-du-film-documentaire-2-3/
83,vendredi 19 décembre 2025,,Projection,Club ciné #2 ,https://archipel.ville-fouesnant.fr/agenda/club-cine-2/
84,vendredi 16 janvier 2026,,Projection,Club ciné #3 ,https://archipel.ville-fouesnant.fr/agenda/club-cine-3/
85,vendredi 13 février 2026,,Projection,Club ciné #4 ,https://archipel.ville-fouesnant.fr/agenda/club-cine-4/
86,Du 11 mars au 25 mars 2026,,Projection,Prix du public – Les yeux doc: votez pour votre film préféré,https://archipel.ville-fouesnant.fr/agenda/participez-au-prix-du-public-les-yeux-doc/
87,vendredi 27 mars 2026,,Projection,Club ciné #5,https://archipel.ville-fouesnant.fr/agenda/club-cine-5/
88,vendredi 10 avril 2026,,Projection,Club ciné #6,https://archipel.ville-fouesnant.fr/agenda/club-cine-6/
89,samedi 11 octobre 2025,,Rencontre,"Café-DYS, trucs et astuces #1 ",https://archipel.ville-fouesnant.fr/agenda/cafe-dys-trucs-et-astuces-1/
90,mardi 18 novembre 2025,,Rencontre,Enlivrez-vous !: Présentation littéraire,https://archipel.ville-fouesnant.fr/agenda/enlivrez-vous/
91,samedi 6 décembre 2025,,Rencontre,Récit de voyage : Isabel del Real: ,https://archipel.ville-fouesnant.fr/agenda/recit-de-voyage-isabel-del-real/
92,mardi 9 décembre 2025,,Rencontre,Le saz: Ali Topcuoglu,https://archipel.ville-fouesnant.fr/agenda/le-saz/
93,vendredi 16 janvier 2026,,Rencontre,"Visite guidée #1: Autant, le temps.",https://archipel.ville-fouesnant.fr/agenda/visite-guidee-1-2/
94,samedi 24 janvier 2026,,Rencontre,"Café-DYS, trucs et astuces #2",https://archipel.ville-fouesnant.fr/agenda/cafe-dys-trucs-et-astuces-2/
95,samedi 14 février 2026,,Rencontre,"Visite guidée #2: Autant, le temps.",https://archipel.ville-fouesnant.fr/agenda/visite-guidee-2-3/
96,mercredi 4 mars 2026,,Rencontre,En Bullez-vous !: Présentation littéraire | Bande dessinée,https://archipel.ville-fouesnant.fr/agenda/en-bullez-vous/
97,samedi 7 mars 2026,,Rencontre,Autour d’un café turc: Association Culturelle Turque de Quimper,https://archipel.ville-fouesnant.fr/agenda/autour-dun-cafe-turc/
98,mardi 10 mars 2026,,Rencontre,Les voix du Bosphore: un voyage en sons,https://archipel.ville-fouesnant.fr/agenda/les-voix-du-bosphore/
99,samedi 16 mai 2026,,Rencontre,"Café-DYS, trucs et astuces #3",https://archipel.ville-fouesnant.fr/agenda/cafe-dys-trucs-et-astuces-3/
100,samedi 18 octobre 2025,,Showcase,Ouverture gourmande et festive de la saison turque: Showcase et buffet,https://archipel.ville-fouesnant.fr/agenda/ouverture-gourmande-et-festive-de-la-saison-turque/
101,samedi 8 novembre 2025,,Showcase,O’ Bal Duo: En showcase,https://archipel.ville-fouesnant.fr/agenda/o-bal-duo/
102,samedi 13 décembre 2025,,Showcase,Caboulot: En showcase,https://archipel.ville-fouesnant.fr/agenda/caboulot/
103,samedi 7 février 2026,,Showcase,Coco Almendra: En showcase,https://archipel.ville-fouesnant.fr/agenda/coco-almendra/
104,samedi 21 mars 2026,,Showcase,Arnaud Tessier: En showcase,https://archipel.ville-fouesnant.fr/agenda/arnaud-tessier/
105,Du 6 octobre au 28 mars 2025,,Temps fort,Turquie: Temps fort,https://archipel.ville-fouesnant.fr/agenda/turquie/
106,jeudi 2 octobre 2025,complet,Théâtre,Les gros patinent bien: Olivier Martin-Salvan et Pierre Guillois,https://archipel.ville-fouesnant.fr/agenda/les-gros-patinent-bien/
107,samedi 15 novembre 2025,,Théâtre,La Langue de mon Père: Sultan Ulutas Alopé,https://archipel.ville-fouesnant.fr/agenda/la-langue-de-mon-pere/
108,mardi 2 décembre 2025,Liste d'attente,Théâtre,Le Roi Lear #2: Théâtre Amer,https://archipel.ville-fouesnant.fr/agenda/le-roi-lear-1/
109,mardi 2 décembre 2025,Dernières places,Théâtre,Le Roi Lear #1: Théâtre Amer,https://archipel.ville-fouesnant.fr/agenda/le-roi-lear-1-2/
110,lundi 15 décembre 2025,Dernières places,Théâtre,Boule de neige #1: La Compagnie de Louise,https://archipel.ville-fouesnant.fr/agenda/boule-de-neige-1/
111,mardi 16 décembre 2025,Dernières places,Théâtre,Boule de neige #2: La Compagnie de Louise,https://archipel.ville-fouesnant.fr/agenda/boule-de-neige-2/
112,mardi 16 décembre 2025,Dernières places,Théâtre,Boule de neige #3: La Compagnie de Louise,https://archipel.ville-fouesnant.fr/agenda/boule-de-neige-3/
113,jeudi 15 janvier 2026,,Théâtre,Bois brûlé: Jonathan Mallard,https://archipel.ville-fouesnant.fr/agenda/bois-brule/
114,lundi 19 janvier 2026,,Théâtre,La nuit où les chauves-souris… #1: Compagnie une carène en campagne,https://archipel.ville-fouesnant.fr/agenda/la-nuit-ou-les-chauves-souris-1/
115,mardi 20 janvier 2026,,Théâtre,La nuit où les chauves-souris… #2: Compagnie une carène en campagne,https://archipel.ville-fouesnant.fr/agenda/la-nuit-ou-les-chauves-souris-2/
116,mardi 20 janvier 2026,Dernières places,Théâtre,La nuit où les chauves-souris… #3: Compagnie une carène en campagne,https://archipel.ville-fouesnant.fr/agenda/la-nuit-ou-les-chauves-souris-3/
117,jeudi 5 février 2026,,Théâtre,Terre Noire: Cie Felmur,https://archipel.ville-fouesnant.fr/agenda/terre-noire/
118,mardi 3 mars 2026,,Théâtre,Scènes d’intérieur: Cie 2052,https://archipel.ville-fouesnant.fr/agenda/scenes-dinterieur/
119,lundi 9 mars 2026,,Théâtre,Zéphir et Alizé #1: Cie du Grand Tout,https://archipel.ville-fouesnant.fr/agenda/zephir-et-alize-1/
120,mardi 10 mars 2026,,Théâtre,Zéphir et Alizé #2: Cie du Grand Tout,https://archipel.ville-fouesnant.fr/agenda/zephir-et-alize-2/
121,mardi 10 mars 2026,,Théâtre,Zéphir et Alizé #3: Cie du Grand Tout ,https://archipel.ville-fouesnant.fr/agenda/zephir-et-alize-3/
122,mardi 17 mars 2026,,Théâtre,Richard III #1: Cie La Poupée qui brûle,https://archipel.ville-fouesnant.fr/agenda/richard-iii-1/
123,mardi 17 mars 2026,,Théâtre,Richard III #2: Cie La Poupée qui brûle,https://archipel.ville-fouesnant.fr/agenda/richard-iii-2/
124,jeudi 2 avril 2026,,Théâtre,… Et les 7 nains ?: Cie Dérézo,https://archipel.ville-fouesnant.fr/agenda/et-les-7-nains/
125,samedi 11 octobre 2025,,"Archéologie, Mer",Journée d’étude sur l’archéologie sous-marine,https://archipel.ville-fouesnant.fr/agenda/journee-detude-sur-larcheologie-sous-marine/
